fail,  2705
fail,  2706
fail,  2707
fail,  2708
fail,  2709
fail,  2710
fail,  2711
fail,  2712
fail,  2713
fail,  2714
fail,  2715
fail,  2716
fail,  2717
fail,  2718
fail,  2719
fail,  2720
fail,  2721
fail,  2722
fail,  2723
fail,  2724
fail,  2725
fail,  2726
fail,  2727
fail,  2728
fail,  2729
fail,  2730
fail,  2731
fail,  2732
fail,  2733
fail,  2734
fail,  2735
fail,  2736
fail,  2737
fail,  2738
fail,  2739
fail,  2740
fail,  2741
fail,  2742
fail,  2743
fail,  2744
fail,  2745
fail,  2746
fail,  2747
fail,  2748
fail,  2749
fail,  2750
fail,  2751
fail,  2752
fail,  2753
fail,  2754
fail,  2755
fail,  2756
fail,  2757
fail,  2758
fail,  2759
fail,  2760
fail,  2761
fail,  2762
fail,  2763
fail,  2764
fail,  2765
fail,  2766
fail,  2767
fail,  2768
fail,  2769
fail,  2770
fail,  2771
fail,  2772
fail,  2773
fail,  2774
fail,  2775
fail,  2776
fail,  2777
fail,  2778
fail,  2779
fail,  2780
fail,  2781
fail,  2782
fail,  2783
fail,  2784
fail,  2785
fail,  2786
fail,  2787
fail,  2788
fail,  2789
fail,  2790
fail,  2791
fail,  2792
fail,  2793
fail,  2794
fail,  2795
fail,  2796
fail,  2797
fail,  2798
fail,  2799
fail,  2800
fail,  2801
fail,  2802
fail,  2803
fail,  2804
fail,  2805
fail,  2806
fail,  2807
fail,  2808
fail,  2809
fail,  2810
fail,  2811
fail,  2812
fail,  2813
fail,  2814
fail,  2815
fail,  2816
fail,  2817
fail,  2818
fail,  2819
fail,  2820
fail,  2821
fail,  2822
fail,  2823
fail,  2824
fail,  2825
fail,  2826
fail,  2827
fail,  2828
fail,  2829
fail,  2830
fail,  2831
fail,  2832
fail,  2833
fail,  2834
fail,  2835
fail,  2836
fail,  2837
fail,  2838
fail,  2839
fail,  2840
fail,  2841
fail,  2842
fail,  2843
fail,  2844
fail,  2845
fail,  2846
fail,  2847
fail,  2848
fail,  2849
fail,  2850
fail,  2851
fail,  2852
fail,  2853
fail,  2854
fail,  2855
fail,  2856
fail,  2857
fail,  2858
fail,  2859
fail,  2860
fail,  2861
fail,  2862
fail,  2863
fail,  2864
fail,  2865
fail,  2866
fail,  2867
fail,  2868
fail,  2869
fail,  2870
fail,  2871
fail,  2872
fail,  2873
fail,  2874
fail,  2875
fail,  2876
fail,  2877
fail,  2878
fail,  2879
fail,  2880
fail,  2881
fail,  2882
fail,  2883
fail,  2884
fail,  2885
fail,  2886
fail,  2887
fail,  2888
fail,  2889
fail,  2890
fail,  2891
fail,  2892
fail,  2893
fail,  2894
fail,  2895
fail,  2896
fail,  2897
fail,  2898
fail,  2899
fail,  2900
fail,  2901
fail,  2902
fail,  2903
fail,  2904
fail,  2905
fail,  2906
fail,  2907
fail,  2908
fail,  2909
fail,  2910
fail,  2911
fail,  2912
fail,  2913
fail,  2914
fail,  2915
fail,  2916
fail,  2917
fail,  2918
fail,  2919
fail,  2920
fail,  2921
fail,  2922
fail,  2923
fail,  2924
fail,  2925
fail,  2926
fail,  2927
fail,  2928
fail,  2929
fail,  2930
fail,  2931
fail,  2932
fail,  2933
fail,  2934
fail,  2935
fail,  2936
fail,  2937
fail,  2938
fail,  2939
fail,  2940
fail,  2941
fail,  2942
fail,  2943
fail,  2944
fail,  2945
fail,  2946
fail,  2947
fail,  2948
fail,  2949
fail,  2950
fail,  2951
fail,  2952
fail,  2953
fail,  2954
fail,  2955
fail,  2956
fail,  2957
fail,  2958
fail,  2959
fail,  2960
fail,  2961
fail,  2962
fail,  2963
fail,  2964
fail,  2965
fail,  2966
fail,  2967
fail,  2968
fail,  2969
fail,  2970
fail,  2971
fail,  2972
fail,  2973
fail,  2974
fail,  2975
fail,  2976
fail,  2977
fail,  2978
fail,  2979
fail,  2980
fail,  2981
fail,  2982
fail,  2983
fail,  2984
fail,  2985
fail,  2986
fail,  2987
fail,  2988
fail,  2989
fail,  2990
fail,  2991
fail,  2992
fail,  2993
fail,  2994
fail,  2995
fail,  2996
fail,  2997
fail,  2998
fail,  2999
fail,   951
fail,   952
fail,   953
fail,   954
fail,   955
fail,   956
fail,   957
fail,   958
fail,   959
fail,   960
fail,   961
fail,   962
fail,   963
fail,   964
fail,   965
fail,   966
fail,   967
fail,   968
fail,   969
fail,   970
fail,   971
fail,   972
fail,   973
fail,   974
fail,   975
fail,   976
fail,   977
fail,   978
fail,   979
fail,   980
fail,   981
fail,   982
fail,   983
fail,   984
fail,   985
fail,   986
fail,   987
fail,   988
fail,   989
fail,   990
fail,   991
fail,   992
fail,   993
fail,   994
fail,   995
fail,   996
fail,   997
fail,   998
fail,   999
fail,  1000
fail,  1001
fail,  1002
fail,  1003
fail,  1004
fail,  1005
fail,  1006
fail,  1007
fail,  1008
fail,  1009
fail,  1010
fail,  1011
fail,  1012
fail,  1013
fail,  1014
fail,  1015
fail,  1016
fail,  1017
fail,  1018
fail,  1019
fail,  1020
fail,  1021
fail,  1022
fail,  1023
fail,  1024
fail,  1025
fail,  1026
fail,  1027
fail,  1028
fail,  1029
fail,  1030
fail,  1031
fail,  1032
fail,  1033
fail,  1034
fail,  1035
fail,  1036
fail,  1037
fail,  1038
fail,  1039
fail,  1040
fail,  1041
fail,  1042
fail,  1043
fail,  1044
fail,  1045
fail,  1046
fail,  1047
fail,  1048
fail,  1049
fail,  1050
fail,  1051
fail,  1052
fail,  1053
fail,  1054
fail,  1055
fail,  1056
fail,  1057
fail,  1058
fail,  1059
fail,  1060
fail,  1061
fail,  1062
fail,  1063
fail,  1064
fail,  1065
fail,  1066
fail,  1067
fail,  1068
fail,  1069
fail,  1070
fail,  1071
fail,  1072
fail,  1073
fail,  1074
fail,  1075
fail,  1076
fail,  1077
fail,  1078
fail,  1079
fail,  1080
fail,  1081
fail,  1082
fail,  1083
fail,  1084
fail,  1085
fail,  1086
fail,  1087
fail,  1088
fail,  1089
fail,  1090
fail,  1091
fail,  1092
fail,  1093
fail,  1094
fail,  1095
fail,  1096
fail,  1097
fail,  1098
fail,  1099
fail,  1100
fail,  1101
fail,  1102
fail,  1103
fail,  1104
fail,  1105
fail,  1106
fail,  1107
fail,  1108
fail,  1109
fail,  1110
fail,  1111
fail,  1112
fail,  1113
fail,  1114
fail,  1115
fail,  1116
fail,  1117
fail,  1118
fail,  1119
fail,  1120
fail,  1121
fail,  1122
fail,  1123
fail,  1124
fail,  1125
fail,  1126
fail,  1127
fail,  1128
fail,  1129
fail,  1130
fail,  1131
fail,  1132
fail,  1133
fail,  1134
fail,  1135
fail,  1136
fail,  1137
fail,  1138
fail,  1139
fail,  1140
fail,  1141
fail,  1142
fail,  1143
fail,  1144
fail,  1145
fail,  1146
fail,  1147
fail,  1148
fail,  1149
fail,  1150
fail,  1151
fail,  1152
fail,  1153
fail,  1154
fail,  1155
fail,  1156
fail,  1157
fail,  1158
fail,  1159
fail,  1160
fail,  1161
fail,  1162
fail,  1163
fail,  1164
fail,  1165
fail,  1166
fail,  1167
fail,  1168
fail,  1169
fail,  1170
fail,  1171
fail,  1172
fail,  1173
fail,  1174
fail,  1175
fail,  1176
fail,  1177
fail,  1178
fail,  1179
fail,  1180
fail,  1181
fail,  1182
fail,  1183
fail,  1184
fail,  1185
fail,  1186
fail,  1187
fail,  1188
fail,  1189
fail,  1190
fail,  1191
fail,  1192
fail,  1193
fail,  1194
fail,  1195
fail,  1196
fail,  1197
fail,  1198
fail,  1199
fail,  1200
fail,  1201
fail,  1202
fail,  1203
fail,  1204
fail,  1205
fail,  1206
fail,  1207
fail,  1208
fail,  1209
fail,  1210
fail,  1211
fail,  1212
fail,  1213
fail,  1214
fail,  1215
fail,  1216
fail,  1217
fail,  1218
fail,  1219
fail,  1220
fail,  1221
fail,  1222
fail,  1223
fail,  1224
fail,  1225
fail,  1226
fail,  1227
fail,  1228
fail,  1229
fail,  1230
fail,  1231
fail,  1232
fail,  1233
fail,  1234
fail,  1235
fail,  1236
fail,  1237
fail,  1238
fail,  1239
fail,  1240
fail,  1241
fail,  1242
fail,  1243
fail,  1244
fail,  1245
fail,  1246
fail,  1247
fail,  1248
fail,  1249
fail,  1250
fail,  1251
fail,  1252
fail,  1253
fail,  1254
fail,  1255
fail,  1256
fail,  1257
fail,  1258
fail,  1259
fail,  1260
fail,  1261
fail,  1262
fail,  1263
fail,  1264
fail,  1265
fail,  1266
fail,  1267
fail,  1268
fail,  1269
fail,  1270
fail,  1271
fail,  1272
fail,  1273
fail,  1274
fail,  1275
fail,  1276
fail,  1277
fail,  1278
fail,  1279
fail,  1280
fail,  1281
fail,  1282
fail,  1283
fail,  1284
fail,  1285
fail,  1286
fail,  1287
fail,  1288
fail,  1289
fail,  1290
fail,  1291
fail,  1292
fail,  1293
fail,  1294
fail,  1295
fail,  1296
fail,  1297
fail,  1298
fail,  1299
fail,  1300
fail,  1301
fail,  1302
fail,  1303
fail,  1304
fail,  1305
fail,  1306
fail,  1307
fail,  1308
fail,  1309
fail,  1310
fail,  1311
fail,  1312
fail,  1313
fail,  1314
fail,  1315
fail,  1316
fail,  1317
fail,  1318
fail,  1319
fail,  1320
fail,  1321
fail,  1322
fail,  1323
fail,  1324
fail,  1325
fail,  1326
fail,  1327
fail,  1328
fail,  1329
fail,  1330
fail,  1331
fail,  1332
fail,  1333
fail,  1334
fail,  1335
fail,  1336
fail,  1337
fail,  1338
fail,  1339
fail,  1340
fail,  1341
fail,  1342
fail,  1343
fail,  1344
fail,  1345
fail,  1346
fail,  1347
fail,  1348
fail,  1349
fail,  1350
fail,  1351
fail,  1352
fail,  1353
fail,  1354
fail,  1355
fail,  1356
fail,  1357
fail,  1358
fail,  1359
fail,  1360
fail,  1361
fail,  1362
fail,  1363
fail,  1364
fail,  1365
fail,  1366
fail,  1367
fail,  1368
fail,  1369
fail,  1370
fail,  1371
fail,  1372
fail,  1373
fail,  1374
fail,  1375
fail,  1376
fail,  1377
fail,  1378
fail,  1379
fail,  1380
fail,  1381
fail,  1382
fail,  1383
fail,  1384
fail,  1385
fail,  1386
fail,  1387
fail,  1388
fail,  1389
fail,  1390
fail,  1391
fail,  1392
fail,  1393
fail,  1394
fail,  1395
fail,  1396
fail,  1397
fail,  1398
fail,  1399
fail,  1400
fail,  1401
fail,  1402
fail,  1403
fail,  1404
fail,  1405
fail,  1406
fail,  1407
fail,  1408
fail,  1409
fail,  1410
fail,  1411
fail,  1412
fail,  1413
fail,  1414
fail,  1415
fail,  1416
fail,  1417
fail,  1418
fail,  1419
fail,  1420
fail,  1421
fail,  1422
fail,  1423
fail,  1424
fail,  1425
fail,  1426
fail,  1427
fail,  1428
fail,  1429
fail,  1430
fail,  1431
fail,  1432
fail,  1433
fail,  1434
fail,  1435
fail,  1436
fail,  1437
fail,  1438
fail,  1439
fail,  1440
fail,  1441
fail,  1442
fail,  1443
fail,  1444
fail,  1445
fail,  1446
fail,  1447
fail,  1448
fail,  1449
fail,  1450
fail,  1451
fail,  1452
fail,  1453
fail,  1454
fail,  1455
fail,  1456
fail,  1457
fail,  1458
fail,  1459
fail,  1460
fail,  1461
fail,  1462
fail,  1463
fail,  1464
fail,  1465
fail,  1466
fail,  1467
fail,  1468
fail,  1469
fail,  1470
fail,  1471
fail,  1472
fail,  1473
fail,  1474
fail,  1475
fail,  1476
fail,  1477
fail,  1478
fail,  1479
fail,  1480
fail,  1481
fail,  1482
fail,  1483
fail,  1484
fail,  1485
fail,  1486
fail,  1487
fail,  1488
fail,  1489
fail,  1490
fail,  1491
fail,  1492
fail,  1493
fail,  1494
fail,  1495
fail,  1496
fail,  1497
fail,  1498
fail,  1499
fail,  1500
fail,  1501
fail,  1502
fail,  1503
fail,  1504
fail,  1505
fail,  1506
fail,  1507
fail,  1508
fail,  1509
fail,  1510
fail,  1511
fail,  1512
fail,  1513
fail,  1514
fail,  1515
fail,  1516
fail,  1517
fail,  1518
fail,  1519
fail,  1520
fail,  1521
fail,  1522
fail,  1523
fail,  1524
fail,  1525
fail,  1526
fail,  1527
fail,  1528
fail,  1529
fail,  1530
fail,  1531
fail,  1532
fail,  1533
fail,  1534
fail,  1535
fail,  1536
fail,  1537
fail,  1538
fail,  1539
fail,  1540
fail,  1541
fail,  1542
fail,  1543
fail,  1544
fail,  1545
fail,  1546
fail,  1547
fail,  1548
fail,  1549
fail,  1550
fail,  1551
fail,  1552
fail,  1553
fail,  1554
fail,  1555
fail,  1556
fail,  1557
fail,  1558
fail,  1559
fail,  1560
fail,  1561
fail,  1562
fail,  1563
fail,  1564
fail,  1565
fail,  1566
fail,  1567
fail,  1568
fail,  1569
fail,  1570
fail,  1571
fail,  1572
fail,  1573
fail,  1574
fail,  1575
fail,  1576
fail,  1577
fail,  1578
fail,  1579
fail,  1580
fail,  1581
fail,  1582
fail,  1583
fail,  1584
fail,  1585
fail,  1586
fail,  1587
fail,  1588
fail,  1589
fail,  1590
fail,  1591
fail,  1592
fail,  1593
fail,  1594
fail,  1595
fail,  1596
fail,  1597
fail,  1598
fail,  1599
fail,  1600
fail,  1601
fail,  1602
fail,  1603
fail,  1604
fail,  1605
fail,  1606
fail,  1607
fail,  1608
fail,  1609
fail,  1610
fail,  1611
fail,  1612
fail,  1613
fail,  1614
fail,  1615
fail,  1616
fail,  1617
fail,  1618
fail,  1619
fail,  1620
fail,  1621
fail,  1622
fail,  1623
fail,  1624
fail,  1625
fail,  1626
fail,  1627
fail,  1628
fail,  1629
fail,  1630
fail,  1631
fail,  1632
fail,  1633
fail,  1634
fail,  1635
fail,  1636
fail,  1637
fail,  1638
fail,  1639
fail,  1640
fail,  1641
fail,  1642
fail,  1643
fail,  1644
fail,  1645
fail,  1646
fail,  1647
fail,  1648
fail,  1649
fail,  1650
fail,  1651
fail,  1652
fail,  1653
fail,  1654
fail,  1655
fail,  1656
fail,  1657
fail,  1658
fail,  1659
fail,  1660
fail,  1661
fail,  1662
fail,  1663
fail,  1664
fail,  1665
fail,  1666
fail,  1667
fail,  1668
fail,  1669
fail,  1670
fail,  1671
fail,  1672
fail,  1673
fail,  1674
fail,  1675
fail,  1676
fail,  1677
fail,  1678
fail,  1679
fail,  1680
fail,  1681
fail,  1682
fail,  1683
fail,  1684
fail,  1685
fail,  1686
fail,  1687
fail,  1688
fail,  1689
fail,  1690
fail,  1691
fail,  1692
fail,  1693
fail,  1694
fail,  1695
fail,  1696
fail,  1697
fail,  1698
fail,  1699
fail,  1700
fail,  1701
fail,  1702
fail,  1703
fail,  1704
fail,  1705
fail,  1706
fail,  1707
fail,  1708
fail,  1709
fail,  1710
fail,  1711
fail,  1712
fail,  1713
fail,  1714
fail,  1715
fail,  1716
fail,  1717
fail,  1718
fail,  1719
fail,  1720
fail,  1721
fail,  1722
fail,  1723
fail,  1724
fail,  1725
fail,  1726
fail,  1727
fail,  1728
fail,  1729
fail,  1730
fail,  1731
fail,  1732
fail,  1733
fail,  1734
fail,  1735
fail,  1736
fail,  1737
fail,  1738
fail,  1739
fail,  1740
fail,  1741
fail,  1742
fail,  1743
fail,  1744
fail,  1745
fail,  1746
fail,  1747
fail,  1748
fail,  1749
fail,  1750
fail,  1751
fail,  1752
fail,  1753
fail,  1754
fail,  1755
fail,  1756
fail,  1757
fail,  1758
fail,  1759
fail,  1760
fail,  1761
fail,  1762
fail,  1763
fail,  1764
fail,  1765
fail,  1766
fail,  1767
fail,  1768
fail,  1769
fail,  1770
fail,  1771
fail,  1772
fail,  1773
fail,  1774
fail,  1775
fail,  1776
fail,  1777
fail,  1778
fail,  1779
fail,  1780
fail,  1781
fail,  1782
fail,  1783
fail,  1784
fail,  1785
fail,  1786
fail,  1787
fail,  1788
fail,  1789
fail,  1790
fail,  1791
fail,  1792
fail,  1793
fail,  1794
fail,  1795
fail,  1796
fail,  1797
fail,  1798
fail,  1799
fail,  1800
fail,  1801
fail,  1802
fail,  1803
fail,  1804
fail,  1805
fail,  1806
fail,  1807
fail,  1808
fail,  1809
fail,  1810
fail,  1811
fail,  1812
fail,  1813
fail,  1814
fail,  1815
fail,  1816
fail,  1817
fail,  1818
fail,  1819
fail,  1820
fail,  1821
fail,  1822
fail,  1823
fail,  1824
fail,  1825
fail,  1826
fail,  1827
fail,  1828
fail,  1829
fail,  1830
fail,  1831
fail,  1832
fail,  1833
fail,  1834
fail,  1835
fail,  1836
fail,  1837
fail,  1838
fail,  1839
fail,  1840
fail,  1841
fail,  1842
fail,  1843
fail,  1844
fail,  1845
fail,  1846
fail,  1847
fail,  1848
fail,  1849
fail,  1850
fail,  1851
fail,  1852
fail,  1853
fail,  1854
fail,  1855
fail,  1856
fail,  1857
fail,  1858
fail,  1859
fail,  1860
fail,  1861
fail,  1862
fail,  1863
fail,  1864
fail,  1865
fail,  1866
fail,  1867
fail,  1868
fail,  1869
fail,  1870
fail,  1871
fail,  1872
fail,  1873
fail,  1874
fail,  1875
fail,  1876
fail,  1877
fail,  1878
fail,  1879
fail,  1880
fail,  1881
fail,  1882
fail,  1883
fail,  1884
fail,  1885
fail,  1886
fail,  1887
fail,  1888
fail,  1889
fail,  1890
fail,  1891
fail,  1892
fail,  1893
fail,  1894
fail,  1895
fail,  1896
fail,  1897
fail,  1898
fail,  1899
fail,  1900
fail,  1901
fail,  1902
fail,  1903
fail,  1904
fail,  1905
fail,  1906
fail,  1907
fail,  1908
fail,  1909
fail,  1910
fail,  1911
fail,  1912
fail,  1913
fail,  1914
fail,  1915
fail,  1916
fail,  1917
fail,  1918
fail,  1919
fail,  1920
fail,  1921
fail,  1922
fail,  1923
fail,  1924
fail,  1925
fail,  1926
fail,  1927
fail,  1928
fail,  1929
fail,  1930
fail,  1931
fail,  1932
fail,  1933
fail,  1934
fail,  1935
fail,  1936
fail,  1937
fail,  1938
fail,  1939
fail,  1940
fail,  1941
fail,  1942
fail,  1943
fail,  1944
fail,  1945
fail,  1946
fail,  1947
fail,  1948
fail,  1949
fail,  1950
fail,  1951
fail,  1952
fail,  1953
fail,  1954
fail,  1955
fail,  1956
fail,  1957
fail,  1958
fail,  1959
fail,  1960
fail,  1961
fail,  1962
fail,  1963
fail,  1964
fail,  1965
fail,  1966
fail,  1967
fail,  1968
fail,  1969
fail,  1970
fail,  1971
fail,  1972
fail,  1973
fail,  1974
fail,  1975
fail,  1976
fail,  1977
fail,  1978
fail,  1979
fail,  1980
fail,  1981
fail,  1982
fail,  1983
fail,  1984
fail,  1985
fail,  1986
fail,  1987
fail,  1988
fail,  1989
fail,  1990
fail,  1991
fail,  1992
fail,  1993
fail,  1994
fail,  1995
fail,  1996
fail,  1997
fail,  1998
fail,  1999
fail,     0
